climate,name,email,web_site,phone_number
snowy,compto community center,info@comptocommunitycenter.com,www.comptocommunitycenter.com,156712351055
snowy,ept community center,info@eptcommunitycenter.com,www.eptcommunitycenter.com,31108847106410
snowy,handital community center,info@handitalcommunitycenter.com,www.handitalcommunitycenter.com,8810126111210
snowy,conjuntioned community center,info@conjuntionedcommunitycenter.com,www.conjuntionedcommunitycenter.com,53737975575
snowy,pruvia community center,info@pruviacommunitycenter.com,www.pruviacommunitycenter.com,445219510316
icy,pacisinfess community center,info@pacisinfesscommunitycenter.com,www.pacisinfesscommunitycenter.com,93175916692
icy,surelantered community center,info@surelanteredcommunitycenter.com,www.surelanteredcommunitycenter.com,661064349565
icy,farkling community center,info@farklingcommunitycenter.com,www.farklingcommunitycenter.com,492103931378
icy,cadfleur community center,info@cadfleurcommunitycenter.com,www.cadfleurcommunitycenter.com,28447199711
icy,thogicid community center,info@thogicidcommunitycenter.com,www.thogicidcommunitycenter.com,61096887910710
icy,undenonprol community center,info@undenonprolcommunitycenter.com,www.undenonprolcommunitycenter.com,6715101077332
icy,thrintur community center,info@thrinturcommunitycenter.com,www.thrinturcommunitycenter.com,528391075938
icy,preppanting community center,info@preppantingcommunitycenter.com,www.preppantingcommunitycenter.com,121074633997
icy,tardonts community center,info@tardontscommunitycenter.com,www.tardontscommunitycenter.com,791071936781
icy,ishimbob community center,info@ishimbobcommunitycenter.com,www.ishimbobcommunitycenter.com,61848383589
icy,morath community center,info@morathcommunitycenter.com,www.morathcommunitycenter.com,376142773110
icy,appreffinge community center,info@appreffingecommunitycenter.com,www.appreffingecommunitycenter.com,87832183835
icy,merint community center,info@merintcommunitycenter.com,www.merintcommunitycenter.com,102714614431
icy,fluffster community center,info@fluffstercommunitycenter.com,www.fluffstercommunitycenter.com,59756133847
icy,camewho community center,info@camewhocommunitycenter.com,www.camewhocommunitycenter.com,219888610712
hot,guirfiely community center,info@guirfielycommunitycenter.com,www.guirfielycommunitycenter.com,4107566586109
mountain,yokovich community center,info@yokovichcommunitycenter.com,www.yokovichcommunitycenter.com,10861027109257
mountain,eferbarn community center,info@eferbarncommunitycenter.com,www.eferbarncommunitycenter.com,3106576971310
hot,evenner community center,info@evennercommunitycenter.com,www.evennercommunitycenter.com,1084869935810
hot,alizer community center,info@alizercommunitycenter.com,www.alizercommunitycenter.com,814133610723
hot,ainsificansion community center,info@ainsificansioncommunitycenter.com,www.ainsificansioncommunitycenter.com,242106288863
hot,decrevendowney community center,info@decrevendowneycommunitycenter.com,www.decrevendowneycommunitycenter.com,613235421073
hot,avorthuades community center,info@avorthuadescommunitycenter.com,www.avorthuadescommunitycenter.com,26347321189
hot,sneablathes community center,info@sneablathescommunitycenter.com,www.sneablathescommunitycenter.com,162312251028
hot,peeprol community center,info@peeprolcommunitycenter.com,www.peeprolcommunitycenter.com,47976487141
hot,ibuckatle community center,info@ibuckatlecommunitycenter.com,www.ibuckatlecommunitycenter.com,754513107411
hot,diterictur community center,info@ditericturcommunitycenter.com,www.ditericturcommunitycenter.com,589645226410
hot,bascrily community center,info@bascrilycommunitycenter.com,www.bascrilycommunitycenter.com,763710189124
hot,annecking community center,info@anneckingcommunitycenter.com,www.anneckingcommunitycenter.com,24482348351
hot,ivortion community center,info@ivortioncommunitycenter.com,www.ivortioncommunitycenter.com,5721021057998
hot,addictionary community center,info@addictionarycommunitycenter.com,www.addictionarycommunitycenter.com,378162394106
hot,pushirecost community center,info@pushirecostcommunitycenter.com,www.pushirecostcommunitycenter.com,31010110978385
hot,happitold community center,info@happitoldcommunitycenter.com,www.happitoldcommunitycenter.com,104767254247
desert,dozzlegram community center,info@dozzlegramcommunitycenter.com,www.dozzlegramcommunitycenter.com,782841072661
rainy,swimbumbles community center,info@swimbumblescommunitycenter.com,www.swimbumblescommunitycenter.com,12398667379
snowy,tomash community center,info@tomashcommunitycenter.com,www.tomashcommunitycenter.com,639610347144
snowy,ininter community center,info@inintercommunitycenter.com,www.inintercommunitycenter.com,106577343564
snowy,ammigle community center,info@ammiglecommunitycenter.com,www.ammiglecommunitycenter.com,291557671039
snowy,votion community center,info@votioncommunitycenter.com,www.votioncommunitycenter.com,1038286510692
snowy,pougglisomers community center,info@pougglisomerscommunitycenter.com,www.pougglisomerscommunitycenter.com,569979293910
icy,aferraron community center,info@aferraroncommunitycenter.com,www.aferraroncommunitycenter.com,63545879928
icy,justaled community center,info@justaledcommunitycenter.com,www.justaledcommunitycenter.com,1122108611063
icy,condled community center,info@condledcommunitycenter.com,www.condledcommunitycenter.com,59494825672
icy,thwided community center,info@thwidedcommunitycenter.com,www.thwidedcommunitycenter.com,48853885388
icy,perfecton community center,info@perfectoncommunitycenter.com,www.perfectoncommunitycenter.com,107795165353
icy,comple community center,info@complecommunitycenter.com,www.complecommunitycenter.com,5103484433101
icy,fapster community center,info@fapstercommunitycenter.com,www.fapstercommunitycenter.com,64495874768
icy,tempons community center,info@temponscommunitycenter.com,www.temponscommunitycenter.com,95888813659
icy,viction community center,info@victioncommunitycenter.com,www.victioncommunitycenter.com,74272924449
icy,trementers community center,info@trementerscommunitycenter.com,www.trementerscommunitycenter.com,710767896285
icy,torshn community center,info@torshncommunitycenter.com,www.torshncommunitycenter.com,652237610593
icy,gewshaw community center,info@gewshawcommunitycenter.com,www.gewshawcommunitycenter.com,71010181116107
icy,improssifish community center,info@improssifishcommunitycenter.com,www.improssifishcommunitycenter.com,1024269741058
icy,geosyog community center,info@geosyogcommunitycenter.com,www.geosyogcommunitycenter.com,6451510812910
icy,hesionalismars community center,info@hesionalismarscommunitycenter.com,www.hesionalismarscommunitycenter.com,87433237528
hot,fierer community center,info@fierercommunitycenter.com,www.fierercommunitycenter.com,910926275561
mountain,aritionated community center,info@aritionatedcommunitycenter.com,www.aritionatedcommunitycenter.com,37338785942
mountain,maximacovers community center,info@maximacoverscommunitycenter.com,www.maximacoverscommunitycenter.com,26549553836
hot,memostorer community center,info@memostorercommunitycenter.com,www.memostorercommunitycenter.com,44421421781
hot,univallar community center,info@univallarcommunitycenter.com,www.univallarcommunitycenter.com,23779172995
hot,entninang community center,info@entninangcommunitycenter.com,www.entninangcommunitycenter.com,615109373547
hot,flookmon community center,info@flookmoncommunitycenter.com,www.flookmoncommunitycenter.com,1371065410245
hot,pertifter community center,info@pertiftercommunitycenter.com,www.pertiftercommunitycenter.com,8881910881103
hot,autive community center,info@autivecommunitycenter.com,www.autivecommunitycenter.com,18978532774
hot,winooze community center,info@winoozecommunitycenter.com,www.winoozecommunitycenter.com,210755810107105
hot,mitaclau community center,info@mitaclaucommunitycenter.com,www.mitaclaucommunitycenter.com,83534992443
hot,yeinydd community center,info@yeinyddcommunitycenter.com,www.yeinyddcommunitycenter.com,63195999672
hot,hialite community center,info@hialitecommunitycenter.com,www.hialitecommunitycenter.com,11784625835
hot,sislaf community center,info@sislafcommunitycenter.com,www.sislafcommunitycenter.com,510199249712
hot,parianker community center,info@pariankercommunitycenter.com,www.pariankercommunitycenter.com,6101773104889
hot,spusious community center,info@spusiouscommunitycenter.com,www.spusiouscommunitycenter.com,9314191102610
hot,reconcy community center,info@reconcycommunitycenter.com,www.reconcycommunitycenter.com,5235810103945
hot,breater community center,info@breatercommunitycenter.com,www.breatercommunitycenter.com,98877192448
desert,innametaxist community center,info@innametaxistcommunitycenter.com,www.innametaxistcommunitycenter.com,621852352710
rainy,wireve community center,info@wirevecommunitycenter.com,www.wirevecommunitycenter.com,1081072552759
icy,solibewither community center,info@solibewithercommunitycenter.com,www.solibewithercommunitycenter.com,18886159554
icy,dalligogle community center,info@dalligoglecommunitycenter.com,www.dalligoglecommunitycenter.com,910885822985
icy,eastical community center,info@easticalcommunitycenter.com,www.easticalcommunitycenter.com,66785346217
icy,boaconic community center,info@boaconiccommunitycenter.com,www.boaconiccommunitycenter.com,810345424993
icy,scantivaning community center,info@scantivaningcommunitycenter.com,www.scantivaningcommunitycenter.com,410361126845
icy,imsomed community center,info@imsomedcommunitycenter.com,www.imsomedcommunitycenter.com,1510510226351
icy,ovistshing community center,info@ovistshingcommunitycenter.com,www.ovistshingcommunitycenter.com,9577810610273
icy,gooklor community center,info@gooklorcommunitycenter.com,www.gooklorcommunitycenter.com,494108365393
icy,gimmerizeds community center,info@gimmerizedscommunitycenter.com,www.gimmerizedscommunitycenter.com,91056710741018
icy,succupservas community center,info@succupservascommunitycenter.com,www.succupservascommunitycenter.com,255571032712
icy,molish community center,info@molishcommunitycenter.com,www.molishcommunitycenter.com,24712935978
icy,palicianced community center,info@paliciancedcommunitycenter.com,www.paliciancedcommunitycenter.com,47315663739
icy,counfused community center,info@counfusedcommunitycenter.com,www.counfusedcommunitycenter.com,22162833512
icy,lodisabooked community center,info@lodisabookedcommunitycenter.com,www.lodisabookedcommunitycenter.com,141614107942
icy,natearpnoty community center,info@natearpnotycommunitycenter.com,www.natearpnotycommunitycenter.com,104426910310109
hot,inesbywal community center,info@inesbywalcommunitycenter.com,www.inesbywalcommunitycenter.com,396841024287
mountain,conscipatheon community center,info@conscipatheoncommunitycenter.com,www.conscipatheoncommunitycenter.com,41471532584
mountain,animepolis community center,info@animepoliscommunitycenter.com,www.animepoliscommunitycenter.com,1056121747101
hot,lidaystateste community center,info@lidaystatestecommunitycenter.com,www.lidaystatestecommunitycenter.com,310441386592
