name,email,web_site,phone_number
joggince,info@joggince.com,www.joggince.com,773765436101
bhutopprefed,info@bhutopprefed.com,www.bhutopprefed.com,835582459101
strizzes,info@strizzes.com,www.strizzes.com,443635105731
catenaliggette,info@catenaliggette.com,www.catenaliggette.com,5107116833106
belginate,info@belginate.com,www.belginate.com,22173497234
hasteives,info@hasteives.com,www.hasteives.com,832341048767
excircul,info@excircul.com,www.excircul.com,522843691064
corrot,info@corrot.com,www.corrot.com,39104210992810
liminary,info@liminary.com,www.liminary.com,85155466572
clambitablent,info@clambitablent.com,www.clambitablent.com,284728210647
faquentler,info@faquentler.com,www.faquentler.com,1059844102217
revorimended,info@revorimended.com,www.revorimended.com,94513378669
mulaps,info@mulaps.com,www.mulaps.com,998536103131
equilstirax,info@equilstirax.com,www.equilstirax.com,624144656107
aloidia,info@aloidia.com,www.aloidia.com,357327881041
ovinspecutions,info@ovinspecutions.com,www.ovinspecutions.com,8664485410109
unexpartairbus,info@unexpartairbus.com,www.unexpartairbus.com,48278443468
sproxes,info@sproxes.com,www.sproxes.com,95124151739
hibicemesootsm,info@hibicemesootsm.com,www.hibicemesootsm.com,531057499762
ferras,info@ferras.com,www.ferras.com,23645932816
hypornicated,info@hypornicated.com,www.hypornicated.com,2622108111077
belleciarcle,info@belleciarcle.com,www.belleciarcle.com,61571522276
neoskizzle,info@neoskizzle.com,www.neoskizzle.com,6822751042108
innous,info@innous.com,www.innous.com,72182159762
vlovitz,info@vlovitz.com,www.vlovitz.com,98762724125
chucknology,info@chucknology.com,www.chucknology.com,9510610285328
obseum,info@obseum.com,www.obseum.com,63577728265
anecte,info@anecte.com,www.anecte.com,1058946853410
mentrition,info@mentrition.com,www.mentrition.com,5106239231074
hubblepup,info@hubblepup.com,www.hubblepup.com,362410142385
wethosted,info@wethosted.com,www.wethosted.com,2481031012187
looncan,info@looncan.com,www.looncan.com,84994189819
arintingly,info@arintingly.com,www.arintingly.com,571085684129
cremensasses,info@cremensasses.com,www.cremensasses.com,121055483729
talocajoling,info@talocajoling.com,www.talocajoling.com,5396106110827
ejecroict,info@ejecroict.com,www.ejecroict.com,19137558356
blaminkmons,info@blaminkmons.com,www.blaminkmons.com,21952734568
aferraron,info@aferraron.com,www.aferraron.com,95263914528
ininter,info@ininter.com,www.ininter.com,67272644672
projechtowsh,info@projechtowsh.com,www.projechtowsh.com,97473362181
norted,info@norted.com,www.norted.com,138339943110
dex,info@dex.com,www.dex.com,158810461010106
syricouch,info@syricouch.com,www.syricouch.com,5102463810179
gerrickle,info@gerrickle.com,www.gerrickle.com,36661183158
dionlize,info@dionlize.com,www.dionlize.com,9286271075104
sustarces,info@sustarces.com,www.sustarces.com,53971388586
cecipigges,info@cecipigges.com,www.cecipigges.com,63221567542
dijoriwack,info@dijoriwack.com,www.dijoriwack.com,848103722732
inglorarity,info@inglorarity.com,www.inglorarity.com,9454921057410
derninte,info@derninte.com,www.derninte.com,88151852688
oppilume,info@oppilume.com,www.oppilume.com,365632381069
craptacular,info@craptacular.com,www.craptacular.com,69663523575
iniquin,info@iniquin.com,www.iniquin.com,101643368282
glaretram,info@glaretram.com,www.glaretram.com,16865911894
ixcent,info@ixcent.com,www.ixcent.com,6104951767101
spusious,info@spusious.com,www.spusious.com,59844791636
sepezz,info@sepezz.com,www.sepezz.com,873996210959
trands,info@trands.com,www.trands.com,26447222991
pluminclastott,info@pluminclastott.com,www.pluminclastott.com,47112716562
lantifices,info@lantifices.com,www.lantifices.com,107442621142
struction,info@struction.com,www.struction.com,264395334310
parianker,info@parianker.com,www.parianker.com,17441078791010
burmintaloomer,info@burmintaloomer.com,www.burmintaloomer.com,102144513971
cleoniclosel,info@cleoniclosel.com,www.cleoniclosel.com,3431731052710
lamestpounded,info@lamestpounded.com,www.lamestpounded.com,6104107339197
untrimattacks,info@untrimattacks.com,www.untrimattacks.com,871891210445
ception,info@ception.com,www.ception.com,192791889102
evenner,info@evenner.com,www.evenner.com,9754610761019
ceonophone,info@ceonophone.com,www.ceonophone.com,57877724615
glishey,info@glishey.com,www.glishey.com,69828359111
zeffereoring,info@zeffereoring.com,www.zeffereoring.com,895389236107
hibbed,info@hibbed.com,www.hibbed.com,157846107443
clinizes,info@clinizes.com,www.clinizes.com,32927656739
brends,info@brends.com,www.brends.com,769107527562
xetarious,info@xetarious.com,www.xetarious.com,7657109241025
ripted,info@ripted.com,www.ripted.com,954896610367
peeprol,info@peeprol.com,www.peeprol.com,596210297584
cobsteme,info@cobsteme.com,www.cobsteme.com,4621036851014
tablue,info@tablue.com,www.tablue.com,39585234316
spunashligo,info@spunashligo.com,www.spunashligo.com,52416546496
hambing,info@hambing.com,www.hambing.com,91099510151094
yodacloud,info@yodacloud.com,www.yodacloud.com,682149862102
avention,info@avention.com,www.avention.com,341029975514
heimaless,info@heimaless.com,www.heimaless.com,81910102161084
ampleared,info@ampleared.com,www.ampleared.com,83103338101018
zeeth,info@zeeth.com,www.zeeth.com,296957841027
slimpers,info@slimpers.com,www.slimpers.com,3791073103473
precliard,info@precliard.com,www.precliard.com,29695288983
oppoons,info@oppoons.com,www.oppoons.com,87431964277
loheckle,info@loheckle.com,www.loheckle.com,347710101071037
daemanoile,info@daemanoile.com,www.daemanoile.com,3229109105333
ficializesome,info@ficializesome.com,www.ficializesome.com,93594584137
ammigle,info@ammigle.com,www.ammigle.com,1062255710566
expuls,info@expuls.com,www.expuls.com,751109596582
runsolincows,info@runsolincows.com,www.runsolincows.com,1083105928359
prected,info@prected.com,www.prected.com,53159158744
wiscotistions,info@wiscotistions.com,www.wiscotistions.com,810159884526
planticassy,info@planticassy.com,www.planticassy.com,4101364491101
rudisao,info@rudisao.com,www.rudisao.com,26103891106710
curthy,info@curthy.com,www.curthy.com,963977810388
